<?xml version="1.0" encoding="utf-8"?>
<metadata xml:lang="en"><Esri><CreaDate>20200430</CreaDate><CreaTime>14151700</CreaTime><ArcGISFormat>1.0</ArcGISFormat><ArcGISstyle>ISO 19139 Metadata Implementation Specification</ArcGISstyle><SyncOnce>FALSE</SyncOnce><DataProperties><itemProps><itemName Sync="TRUE">ncos_shp</itemName><imsContentType Sync="TRUE" export="False">002</imsContentType><nativeExtBox><westBL Sync="TRUE">5993240.154477</westBL><eastBL Sync="TRUE">6007960.417031</eastBL><southBL Sync="TRUE">1974894.129884</southBL><northBL Sync="TRUE">1982136.072590</northBL><exTypeCode Sync="TRUE">1</exTypeCode></nativeExtBox><itemSize Sync="TRUE">0.000</itemSize><itemLocation><linkage Sync="TRUE">file://\\esm.ucsb.edu\mesm\mesm2026\garrettcraig\ArcGIS\ncos_shp.shp</linkage><protocol Sync="TRUE">Local Area Network</protocol></itemLocation></itemProps><coordRef><type Sync="TRUE">Projected</type><geogcsn Sync="TRUE">GCS_WGS_1984</geogcsn><csUnits Sync="TRUE">Linear Unit: Meter (1.000000)</csUnits><projcsn Sync="TRUE">WGS_1984_Web_Mercator_Auxiliary_Sphere</projcsn><peXml Sync="TRUE">&lt;ProjectedCoordinateSystem xsi:type='typens:ProjectedCoordinateSystem' xmlns:xsi='http://www.w3.org/2001/XMLSchema-instance' xmlns:xs='http://www.w3.org/2001/XMLSchema' xmlns:typens='http://www.esri.com/schemas/ArcGIS/2.9.0'&gt;&lt;WKT&gt;PROJCS[&amp;quot;WGS_1984_Web_Mercator_Auxiliary_Sphere&amp;quot;,GEOGCS[&amp;quot;GCS_WGS_1984&amp;quot;,DATUM[&amp;quot;D_WGS_1984&amp;quot;,SPHEROID[&amp;quot;WGS_1984&amp;quot;,6378137.0,298.257223563]],PRIMEM[&amp;quot;Greenwich&amp;quot;,0.0],UNIT[&amp;quot;Degree&amp;quot;,0.0174532925199433]],PROJECTION[&amp;quot;Mercator_Auxiliary_Sphere&amp;quot;],PARAMETER[&amp;quot;False_Easting&amp;quot;,0.0],PARAMETER[&amp;quot;False_Northing&amp;quot;,0.0],PARAMETER[&amp;quot;Central_Meridian&amp;quot;,0.0],PARAMETER[&amp;quot;Standard_Parallel_1&amp;quot;,0.0],PARAMETER[&amp;quot;Auxiliary_Sphere_Type&amp;quot;,0.0],UNIT[&amp;quot;Meter&amp;quot;,1.0],AUTHORITY[&amp;quot;EPSG&amp;quot;,3857]]&lt;/WKT&gt;&lt;XOrigin&gt;-20037700&lt;/XOrigin&gt;&lt;YOrigin&gt;-30241100&lt;/YOrigin&gt;&lt;XYScale&gt;148923141.92838538&lt;/XYScale&gt;&lt;ZOrigin&gt;-100000&lt;/ZOrigin&gt;&lt;ZScale&gt;10000&lt;/ZScale&gt;&lt;MOrigin&gt;-100000&lt;/MOrigin&gt;&lt;MScale&gt;10000&lt;/MScale&gt;&lt;XYTolerance&gt;0.001&lt;/XYTolerance&gt;&lt;ZTolerance&gt;0.001&lt;/ZTolerance&gt;&lt;MTolerance&gt;0.001&lt;/MTolerance&gt;&lt;HighPrecision&gt;true&lt;/HighPrecision&gt;&lt;WKID&gt;102100&lt;/WKID&gt;&lt;LatestWKID&gt;3857&lt;/LatestWKID&gt;&lt;/ProjectedCoordinateSystem&gt;</peXml></coordRef><lineage><Process ToolSource="c:\program files\arcgis\pro\Resources\ArcToolbox\toolboxes\Conversion Tools.tbx\FeatureClassToFeatureClass" Date="20250915" Time="114629">FeatureClassToFeatureClass CCBER_Work_Areas H:\ArcGIS ncos_shp.shp "Site_Label = 'North Campus Open Space (NCOS)'" "Area_Acres "Acres" true true false 0 Double 0 0,First,#,CCBER_Work_Areas,Area_Acres,-1,-1;Site_Label "Site Label" true true false 50 Text 0 0,First,#,CCBER_Work_Areas,Site_Label,0,50;Web_Link "Web Link" true true false 255 Text 0 0,First,#,CCBER_Work_Areas,Web_Link,0,255;GlobalID "GlobalID" false false true 38 Text 0 0,First,#,CCBER_Work_Areas,GlobalID,-1,-1;Shape__Area "Shape__Area" false true true 0 Double 0 0,First,#,CCBER_Work_Areas,Shape__Area,-1,-1;Shape__Length "Shape__Length" false true true 0 Double 0 0,First,#,CCBER_Work_Areas,Shape__Length,-1,-1" #</Process></lineage></DataProperties><SyncDate>20250915</SyncDate><SyncTime>11462800</SyncTime><ModDate>20250915</ModDate><ModTime>11462800</ModTime><scaleRange><minScale>150000000</minScale><maxScale>5000</maxScale></scaleRange><ArcGISProfile>ISO19139</ArcGISProfile></Esri><dataIdInfo><envirDesc Sync="FALSE">Esri ArcGIS 12.5.0.22081</envirDesc><dataLang><languageCode value="eng" Sync="TRUE"/><countryCode value="USA" Sync="TRUE"/></dataLang><idCitation><resTitle Sync="TRUE">ncos_shp</resTitle><presForm><PresFormCd value="005" Sync="TRUE"/></presForm><date><createDate>2016-11-29T00:00:00</createDate></date><citRespParty><rpIndName>Ryan Clark</rpIndName><rpOrgName>Cheadle Center for Biodiversity and Ecological Restoration</rpOrgName><role><RoleCd value="002"/></role></citRespParty></idCitation><spatRpType><SpatRepTypCd value="001" Sync="TRUE"/></spatRpType><dataExt><vertEle><vertMinVal Sync="TRUE">0.000000</vertMinVal><vertMaxVal Sync="TRUE">0.000000</vertMaxVal></vertEle></dataExt><dataExt><geoEle><GeoBndBox esriExtentType="search"><exTypeCode Sync="TRUE">1</exTypeCode><westBL Sync="TRUE">-119.885032</westBL><eastBL Sync="TRUE">-119.835789</eastBL><northBL Sync="TRUE">34.425084</northBL><southBL Sync="TRUE">34.404439</southBL></GeoBndBox></geoEle></dataExt><idAbs>&lt;DIV STYLE="text-align:Left;"&gt;&lt;DIV&gt;&lt;DIV&gt;&lt;P&gt;&lt;SPAN&gt;The CCBER_Work_Areas shapefile contains polygons representing open space areas on the University of California, Santa Barbara (UCSB) campus where the Cheadle Center for Biodiversity and Ecological Restoration (CCBER) conducts a variety of restoration work and education.&lt;/SPAN&gt;&lt;/P&gt;&lt;/DIV&gt;&lt;/DIV&gt;&lt;/DIV&gt;</idAbs><themeKeys><keyword>CCBER, ecological resotration, biodiversity, wetland</keyword></themeKeys><placeKeys><keyword>UCSB, Santa Barbara, Campus Lagoon, Storke Wetlands, North Campus Open Space (NCOS)</keyword></placeKeys><tempKeys><keyword>planting</keyword></tempKeys><dataChar><CharSetCd value="004"/></dataChar><tpCat><TopicCatCd value="002"/></tpCat><tpCat><TopicCatCd value="003"/></tpCat><tpCat><TopicCatCd value="007"/></tpCat></dataIdInfo><mdLang><languageCode value="eng" Sync="TRUE"/><countryCode value="USA" Sync="TRUE"/></mdLang><mdChar><CharSetCd value="004" Sync="TRUE"/></mdChar><distInfo><distFormat><formatName Sync="TRUE">Shapefile</formatName><formatVer>2016</formatVer></distFormat><distTranOps><transSize Sync="TRUE">0.000</transSize></distTranOps></distInfo><mdHrLv><ScopeCd value="005" Sync="TRUE"/></mdHrLv><mdHrLvName Sync="TRUE">dataset</mdHrLvName><refSysInfo><RefSystem dimension=""><refSysID><identCode code="3857" Sync="TRUE"/><idCodeSpace Sync="TRUE">EPSG</idCodeSpace><idVersion Sync="TRUE">6.18.3(9.3.1.2)</idVersion></refSysID></RefSystem></refSysInfo><spatRepInfo><VectSpatRep><geometObjs Name="ncos_shp"><geoObjTyp><GeoObjTypCd value="002" Sync="TRUE"></GeoObjTypCd></geoObjTyp><geoObjCnt Sync="TRUE">0</geoObjCnt></geometObjs><topLvl><TopoLevCd value="001" Sync="TRUE"></TopoLevCd></topLvl></VectSpatRep></spatRepInfo><spdoinfo><ptvctinf><esriterm Name="ncos_shp"><efeatyp Sync="TRUE">Simple</efeatyp><efeageom code="4" Sync="TRUE"></efeageom><esritopo Sync="TRUE">FALSE</esritopo><efeacnt Sync="TRUE">0</efeacnt><spindex Sync="TRUE">FALSE</spindex><linrefer Sync="TRUE">TRUE</linrefer></esriterm></ptvctinf></spdoinfo><eainfo><detailed Name="ncos_shp"><enttyp><enttypl Sync="TRUE">ncos_shp</enttypl><enttypt Sync="TRUE">Feature Class</enttypt><enttypc Sync="TRUE">0</enttypc><enttypd>Open space areas on the UCSB campus where CCBER conducts restoration work and education</enttypd><enttypds>CCBER</enttypds></enttyp><attr><attrlabl Sync="TRUE">FID</attrlabl><attalias Sync="TRUE">FID</attalias><attrtype Sync="TRUE">OID</attrtype><attwidth Sync="TRUE">4</attwidth><atprecis Sync="TRUE">0</atprecis><attscale Sync="TRUE">0</attscale><attrdef Sync="TRUE">Internal feature number.</attrdef><attrdefs Sync="TRUE">Esri</attrdefs><attrdomv><udom Sync="TRUE">Sequential unique whole numbers that are automatically generated.</udom></attrdomv></attr><attr><attrlabl Sync="TRUE">Shape</attrlabl><attalias Sync="TRUE">Shape</attalias><attrtype Sync="TRUE">Geometry</attrtype><attwidth Sync="TRUE">0</attwidth><atprecis Sync="TRUE">0</atprecis><attscale Sync="TRUE">0</attscale><attrdef Sync="TRUE">Feature geometry.</attrdef><attrdefs Sync="TRUE">Esri</attrdefs><attrdomv><udom Sync="TRUE">Coordinates defining the features.</udom></attrdomv></attr><attr><attrlabl Sync="TRUE">Area_Acres</attrlabl><attalias Sync="TRUE">Area_Acres</attalias><attrtype Sync="TRUE">Double</attrtype><attwidth Sync="TRUE">19</attwidth><atprecis Sync="TRUE">0</atprecis><attscale Sync="TRUE">0</attscale><attrdef>The area of the CCBER work site polygon, in acres (calculated in NAD_1983_StatePlane_California_V_FIPS_0405_Feet projection)</attrdef><attrdefs>ArcGIS</attrdefs><attrdomv><rdom><rdommin>0.06</rdommin><rdommax>2.07</rdommax><rdommean>0.81</rdommean><rdomstdv>0.74</rdomstdv><attrunit>Acres (US)</attrunit></rdom></attrdomv></attr><attr><attrlabl Sync="TRUE">Site_Label</attrlabl><attalias Sync="TRUE">Site_Label</attalias><attrtype Sync="TRUE">String</attrtype><attwidth Sync="TRUE">50</attwidth><atprecis Sync="TRUE">0</atprecis><attscale Sync="TRUE">0</attscale></attr><attr><attrlabl Sync="TRUE">Web_Link</attrlabl><attalias Sync="TRUE">Web_Link</attalias><attrtype Sync="TRUE">String</attrtype><attwidth Sync="TRUE">254</attwidth><atprecis Sync="TRUE">0</atprecis><attscale Sync="TRUE">0</attscale></attr><attr><attrlabl Sync="TRUE">GlobalID</attrlabl><attalias Sync="TRUE">GlobalID</attalias><attrtype Sync="TRUE">String</attrtype><attwidth Sync="TRUE">38</attwidth><atprecis Sync="TRUE">0</atprecis><attscale Sync="TRUE">0</attscale></attr><attr><attrlabl Sync="TRUE">Shape__Are</attrlabl><attalias Sync="TRUE">Shape__Are</attalias><attrtype Sync="TRUE">Double</attrtype><attwidth Sync="TRUE">19</attwidth><atprecis Sync="TRUE">0</atprecis><attscale Sync="TRUE">0</attscale></attr><attr><attrlabl Sync="TRUE">Shape__Len</attrlabl><attalias Sync="TRUE">Shape__Len</attalias><attrtype Sync="TRUE">Double</attrtype><attwidth Sync="TRUE">19</attwidth><atprecis Sync="TRUE">0</atprecis><attscale Sync="TRUE">0</attscale></attr></detailed></eainfo><mdDateSt Sync="TRUE">20250915</mdDateSt><mdContact><rpIndName>Ryan Clark</rpIndName><rpOrgName>Cheadle Center for Biodiversity and Ecological Restoration</rpOrgName><role><RoleCd value="002"/></role><displayName>Ryan Clark</displayName></mdContact><mdMaint><maintFreq><MaintFreqCd value="009"/></maintFreq></mdMaint></metadata>
